,epoch,loss,AUC,B_ACC,RECALL,SPE,PRE,MCC
0,0,1.1061235205379012,0.8242,0.7579,0.9275,0.5882,0.5892,0.5161
0,1,1.0752100596119998,0.8376,0.7606,0.7808,0.7405,0.657,0.5097
