,epoch,loss,AUC,B_ACC,RECALL,SPE,PRE,MCC
0,0,1.171938537891043,0.7903,0.7112,0.8439,0.5785,0.5791,0.4225
0,1,1.1438336962453364,0.8105,0.7366,0.8717,0.6015,0.6005,0.473
