,epoch,loss,AUC,B_ACC,RECALL,SPE,PRE,MCC
0,0,1.0716078505056215,0.8389,0.7633,0.8243,0.7024,0.6381,0.5136
0,1,1.061373990438762,0.8556,0.7763,0.8351,0.7174,0.653,0.5388
