,epoch,loss,AUC,B_ACC,RECALL,SPE,PRE,MCC
0,0,1.2082603929934725,0.7594,0.6952,0.7884,0.602,0.3209,0.3083
0,1,1.1511002008782443,0.7922,0.7269,0.7884,0.6653,0.3598,0.3623
