,epoch,loss,AUC,B_ACC,RECALL,SPE,PRE,MCC
0,0,1.140156029243601,0.8039,0.7299,0.6805,0.7792,0.4238,0.3922
0,1,1.1109508925097242,0.8232,0.7412,0.7676,0.7149,0.3911,0.3924
