,epoch,loss,AUC,B_ACC,RECALL,SPE,PRE,MCC
0,0,1.0404371046148557,0.7754,0.7151,0.6126,0.8176,0.3849,0.3614
0,1,1.0005858609145002,0.807,0.7283,0.5864,0.8702,0.4571,0.4142
