,epoch,loss,AUC,B_ACC,RECALL,SPE,PRE,MCC
0,0,1.6333077396256759,0.5,0.5,1.0,0.0,0.3218,0.0
0,1,1.6333077396256759,0.5,0.5,1.0,0.0,0.3218,0.0
