,epoch,loss,AUC,B_ACC,RECALL,SPE,PRE,MCC
0,0,1.3257539377343877,0.6658,0.6237,0.7231,0.5242,0.419,0.2325
0,1,1.3203399076445643,0.6799,0.6207,0.5054,0.736,0.4759,0.2377
