,epoch,loss,AUC,B_ACC,RECALL,SPE,PRE,MCC
0,0,1.1994680269346376,0.7434,0.6738,0.6882,0.6594,0.4895,0.3263
0,1,1.156846745295965,0.7689,0.7186,0.8441,0.5931,0.4961,0.4104
