,epoch,loss,AUC,B_ACC,RECALL,SPE,PRE,MCC
0,0,1.3193865760457646,0.6726,0.6104,0.7258,0.4949,0.4054,0.2086
0,1,1.3182967794024119,0.681,0.648,0.578,0.7181,0.4931,0.2854
