,epoch,loss,AUC,B_ACC,RECALL,SPE,PRE,MCC
0,0,1.1356042764674759,0.793,0.728,0.8145,0.6416,0.5188,0.4262
0,1,1.073968659043653,0.8314,0.7735,0.8199,0.727,0.5877,0.5137
