,epoch,loss,AUC,B_ACC,RECALL,SPE,PRE,MCC
0,0,1.0553488731727587,0.8351,0.7736,0.75,0.7972,0.637,0.527
0,1,1.0491690529545978,0.853,0.7707,0.8871,0.6543,0.5491,0.5063
