,epoch,loss,AUC,B_ACC,RECALL,SPE,PRE,MCC
0,0,1.1432177842726212,0.7884,0.723,0.7486,0.6975,0.5304,0.4166
0,1,1.1347823427706425,0.814,0.7229,0.8057,0.6402,0.5054,0.4136
