,epoch,loss,AUC,B_ACC,RECALL,SPE,PRE,MCC
0,0,1.3169526518926777,0.6419,0.6092,0.7796,0.4388,0.3973,0.2114
0,1,1.3509121723753104,0.6672,0.5836,0.9516,0.2156,0.3653,0.2121
