,epoch,loss,AUC,B_ACC,RECALL,SPE,PRE,MCC
0,0,1.3424014049207247,0.6282,0.5752,0.371,0.7793,0.4437,0.1583
0,1,1.3179251596990293,0.6444,0.5962,0.4462,0.7462,0.4548,0.1934
