,epoch,loss,AUC,B_ACC,RECALL,SPE,PRE,MCC
0,0,1.3539144791971212,0.6376,0.6144,0.7849,0.4439,0.4011,0.2214
0,1,1.313381586574046,0.6475,0.6025,0.4946,0.7105,0.4477,0.2002
