,epoch,loss,AUC,B_ACC,RECALL,SPE,PRE,MCC
0,0,1.3841591232091741,0.6177,0.5,0.0,1.0,0.0,0.0
0,1,1.3760398187936749,0.6385,0.5,1.0,0.0,0.3218,0.0
