,epoch,loss,AUC,B_ACC,RECALL,SPE,PRE,MCC
0,0,1.1736850055148058,0.7972,0.7099,0.8657,0.5541,0.4698,0.3942
0,1,1.1288289217068843,0.8087,0.7268,0.7457,0.708,0.5381,0.4246
