,epoch,loss,AUC,B_ACC,RECALL,SPE,PRE,MCC
0,0,1.0364972244199635,0.8428,0.7726,0.8091,0.736,0.5925,0.5131
0,1,1.0339018421712132,0.8557,0.7657,0.8656,0.6658,0.5514,0.4965
