,epoch,loss,AUC,B_ACC,RECALL,SPE,PRE,MCC
0,0,1.103584805857989,0.8254,0.7538,0.8859,0.6217,0.5985,0.5007
0,1,1.0698439813248635,0.8454,0.7663,0.8659,0.6667,0.6232,0.521
