,epoch,loss,AUC,B_ACC,RECALL,SPE,PRE,MCC
0,0,1.1333704813417833,0.7956,0.7332,0.8457,0.6207,0.6051,0.4628
0,1,1.1199500536663014,0.81,0.7447,0.8699,0.6194,0.611,0.4871
