,epoch,loss,AUC,B_ACC,RECALL,SPE,PRE,MCC
0,0,1.0846748450984505,0.8379,0.7587,0.875,0.6424,0.6091,0.5081
0,1,1.0812685578229584,0.8438,0.7497,0.6793,0.8201,0.7062,0.5031
