,epoch,loss,AUC,B_ACC,RECALL,SPE,PRE,MCC
0,0,1.2070443755085625,0.7779,0.6901,0.805,0.5752,0.3114,0.2999
0,1,1.1675047681856803,0.7902,0.7027,0.6183,0.7871,0.4093,0.352
