,epoch,loss,AUC,B_ACC,RECALL,SPE,PRE,MCC
0,0,1.161328451230278,0.7927,0.7158,0.6515,0.7802,0.4142,0.3704
0,1,1.1295860633176822,0.8109,0.7249,0.722,0.7277,0.3875,0.3697
