,epoch,loss,AUC,B_ACC,RECALL,SPE,PRE,MCC
0,0,1.0437856876177398,0.7845,0.7231,0.6911,0.7551,0.3446,0.3495
0,1,1.0014587397251666,0.8128,0.7397,0.6911,0.7883,0.3782,0.3856
